"caseid","age","birthyr","gender","race"
391850646,50,1968,2,1
391850743,43,1975,2,1
391753157,70,1948,2,1
391850770,40,1978,2,1
391716661,32,1986,2,1
391741474,33,1985,2,1
391802417,52,1966,2,1
391850672,61,1957,2,1
391548587,54,1964,1,1
391716628,70,1948,2,2
391690165,47,1971,2,3
391850827,34,1984,2,1
391850862,60,1958,2,1
391850641,64,1954,2,1
391850879,54,1964,2,1
391690137,63,1955,1,7
391850766,54,1964,2,1
391813447,39,1979,2,1
391850911,27,1991,2,1
391850619,65,1953,2,1
391693680,50,1968,2,2
391850886,60,1958,2,1
391393509,74,1944,1,1
391716453,82,1936,2,1
391716561,36,1982,2,4
391850871,58,1960,2,7
391850850,60,1958,2,1
391850816,60,1958,2,1
391850882,45,1973,2,1
391825096,53,1965,2,1
391039371,28,1990,2,3
391693759,71,1947,2,1
391852847,26,1992,2,1
391850838,45,1973,2,3
391850995,56,1962,2,1
391606072,73,1945,2,1
391853691,64,1954,2,1
391850943,43,1975,2,1
391693674,57,1961,1,3
391850808,61,1957,2,1
391403723,69,1949,2,1
391532642,74,1944,1,1
391741405,76,1942,1,1
391850931,43,1975,2,7
391813959,67,1951,1,4
391779545,52,1966,1,1
391850986,63,1955,2,1
391741696,34,1984,2,3
391850727,57,1961,1,1
391850966,58,1960,2,6
391753240,54,1964,1,2
391372487,59,1959,1,1
391850784,57,1961,2,1
391433641,86,1932,2,1
391707472,67,1951,1,1
391645515,25,1993,2,3
392108876,45,1973,1,1
392108874,25,1993,2,1
392108851,60,1958,2,1
392108815,34,1984,2,1
392045571,38,1980,2,4
392094921,66,1952,2,1
392103371,56,1962,1,4
392039898,76,1942,1,1
391519719,82,1936,2,1
392050514,71,1947,1,1
392095474,72,1946,1,1
392045290,67,1951,2,3
392103310,75,1943,2,1
392095351,33,1985,2,6
392094664,87,1931,1,1
392037236,70,1948,2,1
392111814,58,1960,2,1
392102729,70,1948,1,1
392111466,39,1979,2,1
392111530,58,1960,2,1
392111769,54,1964,2,1
392002354,79,1939,2,1
392107109,36,1982,2,1
392112027,79,1939,1,1
392111998,51,1967,2,1
392112015,73,1945,2,1
392099519,42,1976,2,1
392115346,63,1955,1,4
392112002,80,1938,1,1
392115349,45,1973,1,4
392115539,54,1964,2,1
392083771,58,1960,1,2
392115701,20,1998,2,3
392115582,54,1964,1,1
392115452,23,1995,1,3
392115647,67,1951,1,1
392106835,41,1977,2,1
392115689,65,1953,2,1
392115578,62,1956,2,1
392115812,64,1954,1,1
392112758,60,1958,1,1
392090819,81,1937,2,1
392115494,58,1960,2,3
391382746,72,1946,1,3
392116086,57,1961,2,1
391990245,50,1968,1,1
392103288,56,1962,2,2
392075993,60,1958,1,1
392114503,69,1949,1,2
392110507,44,1974,2,1
392066230,45,1973,2,1
392113581,69,1949,2,1
392119355,54,1964,2,1
392116101,53,1965,2,1
392110528,49,1969,2,6
392116923,70,1948,2,1
392119376,49,1969,1,1
392112452,53,1965,1,7
392116112,82,1936,1,1
392119566,58,1960,1,1
392113094,78,1940,1,1
392106923,41,1977,1,1
391566065,56,1962,2,2
391576393,48,1970,1,6
392114456,60,1958,1,1
392083196,56,1962,1,1
392119497,58,1960,2,1
392103070,50,1968,1,1
392060547,58,1960,2,1
392119613,58,1960,2,1
392115553,62,1956,2,2
392091487,65,1953,2,3
391256800,80,1938,2,1
392119663,64,1954,2,1
392116383,57,1961,2,1
392116607,51,1967,1,1
392116719,66,1952,2,1
392113063,77,1941,2,1
392116553,75,1943,1,1
392119783,39,1979,2,2
392081398,65,1953,1,1
392119803,32,1986,2,6
392090975,53,1965,1,1
392095543,71,1947,1,1
392040080,57,1961,1,1
392116679,79,1939,2,1
392113176,77,1941,1,1
392117393,71,1947,1,1
392117600,73,1945,2,4
392095485,56,1962,2,1
392047913,49,1969,1,1
392098771,56,1962,1,1
392107120,92,1926,2,3
392095060,65,1953,2,1
392116939,77,1941,2,1
392048167,71,1947,1,1
392098721,69,1949,1,1
392105653,58,1960,1,1
391565726,73,1945,2,1
392091148,78,1940,1,1
392113291,70,1948,2,1
391990829,66,1952,2,1
392112898,75,1943,1,1
392114383,60,1958,2,1
392119153,28,1990,2,4
392113513,57,1961,2,5
392120101,70,1948,2,1
392088504,60,1958,1,1
392110501,39,1979,1,4
392081353,53,1965,1,1
392120146,62,1956,2,1
391572183,63,1955,1,1
391991981,66,1952,1,1
392117616,71,1947,1,1
392105647,55,1963,1,1
392113768,77,1941,2,1
392091458,74,1944,2,1
392034667,75,1943,1,4
392029190,85,1933,2,2
392085074,60,1958,1,1
392106799,68,1950,2,3
392120148,72,1946,1,1
392029295,46,1972,1,1
392124622,35,1983,2,1
392116448,31,1987,1,1
392121519,45,1973,1,3
392113296,54,1964,1,6
392124691,42,1976,2,1
392124674,33,1985,2,1
392116556,67,1951,2,1
392117252,67,1951,1,1
392047788,36,1982,2,4
392053824,26,1992,2,2
392091366,59,1959,1,1
392116425,51,1967,1,7
391588947,79,1939,1,1
392114642,58,1960,1,3
392113717,72,1946,1,1
392116786,60,1958,1,1
392109407,47,1971,2,1
392116782,72,1946,1,1
392114626,84,1934,1,1
392105868,58,1960,1,1
392112814,80,1938,1,1
392116658,66,1952,1,1
392086611,65,1953,2,1
392105663,64,1954,1,1
392117115,71,1947,1,1
391669804,66,1952,2,2
392124708,62,1956,2,3
392095700,65,1953,2,1
392095545,53,1965,1,1
392126640,37,1981,2,1
392113668,55,1963,2,1
392117373,49,1969,2,1
392098806,72,1946,2,1
392124812,58,1960,2,1
392117421,68,1950,2,1
392123632,52,1966,2,6
392091743,67,1951,1,2
392116990,62,1956,1,1
392107126,58,1960,2,1
392126593,55,1963,2,1
392039987,61,1957,1,1
392116563,86,1932,2,1
392124756,63,1955,2,1
392121970,72,1946,1,1
392045391,28,1990,1,4
392109236,59,1959,1,1
392121912,67,1951,1,1
392090464,63,1955,2,1
392117358,62,1956,2,1
392126727,53,1965,2,1
392112837,61,1957,1,1
392116752,62,1956,1,1
392125366,34,1984,2,1
392122295,36,1982,2,2
392023190,63,1955,1,1
391876972,80,1938,1,3
392099568,55,1963,1,6
392083941,76,1942,2,1
392110462,68,1950,2,1
392122447,27,1991,2,3
392110231,37,1981,1,1
392110275,60,1958,2,1
392109225,29,1989,1,1
392122254,61,1957,2,1
392126624,36,1982,2,1
392122199,52,1966,2,1
392121850,63,1955,2,1
392110375,56,1962,1,1
392126706,32,1986,2,1
392079545,47,1971,2,1
392122632,71,1947,1,1
392117724,69,1949,1,1
392098928,51,1967,1,1
392126863,63,1955,1,1
392086613,29,1989,1,1
392122732,81,1937,2,1
392088580,51,1967,2,3
392105941,49,1969,2,1
392116633,74,1944,2,1
392091120,68,1950,2,1
392122341,74,1944,1,1
392122967,58,1960,2,1
392114590,75,1943,2,1
392126694,53,1965,2,1
392122089,64,1954,2,1
392122522,89,1929,2,1
392117552,89,1929,2,1
392127088,25,1993,2,1
392122641,74,1944,2,1
392126954,63,1955,2,1
392095729,63,1955,2,1
392112641,68,1950,1,1
392122757,69,1949,2,1
392029143,45,1973,1,1
392116978,61,1957,1,1
392127044,56,1962,2,1
392095746,55,1963,1,1
392130098,35,1983,1,1
392116780,54,1964,1,1
391708002,70,1948,2,1
392081386,53,1965,1,1
392037204,58,1960,1,1
392119343,57,1961,2,7
392126845,80,1938,1,1
392106867,67,1951,2,1
392117563,49,1969,2,1
392095249,63,1955,2,1
391588973,77,1941,1,1
392108888,39,1979,1,1
392127007,63,1955,2,6
392079379,74,1944,1,1
392091461,49,1969,1,1
392113410,59,1959,2,1
392099084,74,1944,1,1
392060518,61,1957,2,1
392122067,41,1977,2,4
392130068,57,1961,1,1
392114174,58,1960,1,6
392122827,67,1951,2,1
392116800,79,1939,1,1
392116888,59,1959,2,1
392095145,64,1954,2,1
392122065,86,1932,1,1
392106393,72,1946,1,1
392126614,34,1984,2,2
391565912,72,1946,1,1
392116409,79,1939,1,1
392122882,38,1980,2,1
392130347,34,1984,2,2
392045493,69,1949,2,1
392090904,63,1955,1,3
392071932,37,1981,2,1
392057683,63,1955,2,1
392122121,64,1954,2,1
392045119,71,1947,2,1
392119157,31,1987,2,1
392130379,43,1975,2,1
392117194,74,1944,1,1
392090712,83,1935,2,1
392130417,38,1980,1,1
392090803,48,1970,2,1
392109296,41,1977,1,6
392130244,24,1994,2,6
392112978,35,1983,2,4
391609722,81,1937,1,1
392130407,47,1971,2,1
392122376,61,1957,2,1
391556279,68,1950,2,2
392095718,68,1950,2,1
392037221,41,1977,2,6
392086625,66,1952,2,1
392121821,67,1951,2,1
392047384,72,1946,2,1
392116868,46,1972,2,1
392122119,65,1953,1,1
392117003,73,1945,2,1
392032057,76,1942,2,1
392103483,70,1948,1,1
392112398,34,1984,2,1
392113395,71,1947,1,1
392130676,47,1971,2,3
392127687,61,1957,1,1
392121969,65,1953,1,1
392091053,83,1935,2,1
392130352,61,1957,2,2
392099496,51,1967,1,1
392091002,57,1961,2,1
392127513,34,1984,2,1
392130742,25,1993,2,4
392117637,76,1942,1,1
392122317,46,1972,1,1
392127601,64,1954,1,1
392127492,73,1945,1,1
392051101,37,1981,1,1
392122085,72,1946,1,1
392130399,45,1973,2,1
392117741,74,1944,1,1
392113419,76,1942,1,2
392130433,37,1981,2,1
392114734,26,1992,2,1
392109266,50,1968,1,1
392050941,33,1985,2,1
391955911,49,1969,1,1
392110356,69,1949,2,1
392050973,36,1982,2,2
392124529,53,1965,1,1
392117686,85,1933,1,1
392129238,61,1957,2,1
392116367,72,1946,1,1
392121782,72,1946,2,1
392131018,75,1943,2,1
392109399,45,1973,1,1
392130755,75,1943,2,1
392081397,60,1958,1,6
392113491,54,1964,2,3
392103183,60,1958,2,7
392117190,70,1948,2,1
392133661,29,1989,2,1
392022529,55,1963,1,1
392122855,81,1937,1,1
392113134,47,1971,2,1
392106978,54,1964,2,1
392129215,72,1946,2,1
392098710,73,1945,2,1
392091595,49,1969,2,1
392110476,54,1964,2,1
392039735,90,1928,2,1
392117513,70,1948,1,2
392090834,71,1947,2,1
392095068,65,1953,2,1
392110638,30,1988,2,1
392051077,23,1995,2,1
392037109,78,1940,2,1
392095350,65,1953,2,1
392128080,65,1953,1,3
392110310,38,1980,2,1
392133558,57,1961,1,1
392128402,56,1962,2,2
392128238,59,1959,1,1
392133749,39,1979,2,1
392102784,58,1960,2,1
392127959,66,1952,1,1
392128426,54,1964,1,3
392129005,68,1950,1,3
391592482,62,1956,2,1
392131158,57,1961,2,2
392098971,64,1954,1,1
392131626,65,1953,2,1
392129836,27,1991,1,3
392113621,48,1970,1,1
392103420,71,1947,1,1
392112454,53,1965,2,1
392110336,72,1946,2,1
392113658,52,1966,1,1
392128178,58,1960,1,1
392133485,49,1969,2,1
392112612,64,1954,2,5
392127572,57,1961,1,1
392128333,81,1937,2,1
391848255,46,1972,1,1
392112371,60,1958,2,1
392103078,74,1944,1,1
392127417,67,1951,1,1
392122441,50,1968,2,4
392122431,34,1984,2,1
392131766,54,1964,2,1
392121016,29,1989,2,1
392132703,48,1970,2,2
392122005,43,1975,2,1
392136090,42,1976,2,1
392137069,33,1985,2,1
392103194,35,1983,2,2
392117392,75,1943,2,1
392113611,66,1952,1,1
392133446,53,1965,2,3
392131676,54,1964,1,4
392084065,39,1979,2,2
392106904,55,1963,2,7
391923751,69,1949,2,1
391215107,47,1971,2,1
392054732,59,1959,2,1
392137079,57,1961,2,1
392134584,47,1971,1,1
392131808,62,1956,1,1
392131476,41,1977,2,3
392131128,57,1961,2,1
392094531,63,1955,1,1
392023377,55,1963,1,1
392122975,90,1928,1,1
392106739,51,1967,2,2
392128034,38,1980,1,3
392134398,61,1957,2,1
392132021,36,1982,1,1
392136994,54,1964,2,2
392113295,80,1938,1,1
392116226,58,1960,2,1
392057643,53,1965,2,5
392106965,50,1968,2,2
392099146,46,1972,1,1
392136998,39,1979,2,3
391707990,53,1965,2,1
392103339,73,1945,1,1
392042590,66,1952,2,1
392123614,63,1955,2,2
392110205,54,1964,1,1
392127768,80,1938,2,1
392128268,48,1970,2,6
392128222,63,1955,1,1
392133428,53,1965,1,1
391595984,62,1956,1,1
392039956,65,1953,1,1
392103233,74,1944,2,2
392051295,84,1934,1,1
392127586,60,1958,1,1
392137436,41,1977,2,1
392131052,73,1945,2,1
392122309,58,1960,1,1
392135931,55,1963,1,7
392106970,43,1975,2,1
392094762,54,1964,1,1
392034735,70,1948,1,1
392137383,64,1954,2,1
392112853,35,1983,1,1
392131116,48,1970,2,1
392037380,61,1957,2,2
392117446,67,1951,1,1
392119162,52,1966,2,1
392136900,52,1966,2,1
392137619,51,1967,1,1
392128859,64,1954,1,1
392136196,61,1957,2,1
391686888,40,1978,1,2
392113728,85,1933,1,1
392136383,73,1945,2,1
392123685,79,1939,2,1
392136623,64,1954,1,1
392122182,84,1934,1,5
392031956,65,1953,1,1
392090808,69,1949,2,1
392128195,78,1940,1,3
392131972,56,1962,2,1
392040044,48,1970,2,1
392088546,64,1954,1,1
392116377,65,1953,2,3
392136191,78,1940,2,1
392137396,82,1936,1,1
392136630,73,1945,1,3
392137840,30,1988,1,1
392106700,59,1959,1,1
392136454,43,1975,2,1
392127646,63,1955,1,1
392105966,53,1965,1,1
392131767,55,1963,1,1
392131912,56,1962,2,1
392131762,77,1941,2,1
392122838,83,1935,2,1
392132701,58,1960,1,3
392136710,51,1967,2,2
392137747,42,1976,2,1
392122459,59,1959,1,1
392117387,49,1969,2,1
392134940,58,1960,2,1
392114501,57,1961,2,2
392131297,48,1970,2,1
392132004,61,1957,1,1
392137022,55,1963,2,1
391850613,50,1968,2,3
392131063,71,1947,2,1
392090492,88,1930,1,1
392137959,28,1990,2,1
392137885,46,1972,2,1
392127353,68,1950,1,1
392113506,54,1964,1,1
392105649,46,1972,2,1
392122870,72,1946,1,4
392080083,77,1941,2,1
392099559,42,1976,2,1
392136404,79,1939,1,1
392106930,73,1945,2,1
392140607,28,1990,1,1
392140613,63,1955,2,1
392090763,64,1954,1,1
392136347,57,1961,2,1
392079497,54,1964,1,1
392107024,68,1950,2,2
392091684,38,1980,1,1
392109483,54,1964,1,1
392087238,79,1939,2,1
392103565,54,1964,1,1
392140714,35,1983,2,1
392116623,65,1953,2,3
392039943,38,1980,1,1
392127851,65,1953,2,1
392136779,61,1957,2,1
392129962,51,1967,1,1
392116502,77,1941,1,1
392122844,77,1941,2,1
392140815,40,1978,2,1
392102804,73,1945,2,1
392131040,57,1961,1,1
392128413,51,1967,2,1
392112668,66,1952,1,1
392117311,83,1935,2,1
392068486,48,1970,1,3
392094897,75,1943,2,1
392135989,62,1956,1,1
392135874,49,1969,2,1
392110496,46,1972,1,3
392098998,92,1926,2,1
392122013,40,1978,2,2
392141269,37,1981,2,1
392141110,44,1974,2,1
392112442,73,1945,2,1
392141256,34,1984,2,3
392127990,55,1963,1,1
392012725,81,1937,2,1
392141329,21,1997,2,2
392118479,78,1940,2,1
391571845,48,1970,1,1
392113750,58,1960,2,1
392116721,61,1957,1,1
392132734,72,1946,2,1
391508934,66,1952,2,1
392077503,64,1954,1,1
392081368,63,1955,2,1
392136718,63,1955,1,1
392136414,47,1971,2,1
392034615,69,1949,1,1
392140248,46,1972,1,1
392112474,60,1958,1,1
392091580,68,1950,1,1
392141396,50,1968,1,1
392139526,37,1981,2,1
392136298,36,1982,2,1
392128030,57,1961,2,1
392139898,75,1943,2,1
392140865,48,1970,2,1
392124251,55,1963,2,1
392140333,68,1950,2,1
392099249,37,1981,2,1
392113502,84,1934,2,1
392131006,74,1944,1,1
391260544,51,1967,1,1
392131279,74,1944,2,1
392127783,78,1940,1,1
392138855,36,1982,2,1
392091436,71,1947,2,1
392136475,52,1966,1,1
392141900,30,1988,2,4
391877489,75,1943,2,2
392127949,48,1970,2,1
392140627,58,1960,2,1
392103083,68,1950,1,2
392103388,82,1936,2,6
392047451,38,1980,1,1
392090897,58,1960,1,3
392117031,57,1961,2,1
392029358,54,1964,1,1
392127409,77,1941,1,1
392118445,56,1962,2,1
392139750,71,1947,2,1
392119112,38,1980,2,3
392121794,80,1938,2,1
392135223,59,1959,2,3
392099051,60,1958,1,1
392143985,45,1973,1,1
392144007,64,1954,2,1
392103068,57,1961,2,1
392141249,69,1949,2,5
392144106,55,1963,1,1
392144296,30,1988,2,1
392144349,54,1964,1,1
392144292,59,1959,1,1
392124533,53,1965,2,2
392081420,66,1952,2,1
392144697,38,1980,1,1
392144602,41,1977,1,1
392144677,37,1981,2,1
392144543,47,1971,2,2
392048092,41,1977,1,1
392128241,66,1952,2,1
392143261,53,1965,2,1
392144224,31,1987,2,1
392118399,69,1949,2,1
392127430,71,1947,1,2
392117030,57,1961,1,7
392144506,60,1958,2,1
392144773,43,1975,1,1
392144810,63,1955,2,1
392144692,66,1952,2,1
392144795,46,1972,2,3
392129832,68,1950,2,3
392145097,52,1966,1,1
392145201,37,1981,1,6
392106701,74,1944,2,1
392134636,63,1955,2,1
392144367,55,1963,1,3
392096531,60,1958,2,3
392145227,60,1958,2,1
392144922,50,1968,2,2
392045477,67,1951,2,1
392084088,78,1940,1,2
392145197,44,1974,1,1
392116471,81,1937,2,7
392147656,28,1990,2,3
391814758,48,1970,2,1
392095684,59,1959,1,1
392145137,40,1978,1,6
392144958,41,1977,2,2
392145299,19,1999,2,1
392145308,65,1953,2,1
392127466,80,1938,2,1
392147674,59,1959,1,1
392143711,74,1944,1,2
392145001,49,1969,1,2
392144891,38,1980,1,6
392145252,64,1954,1,2
392147823,41,1977,2,1
392145177,55,1963,1,1
392147664,44,1974,1,1
392147685,50,1968,1,1
392145915,43,1975,2,3
392148131,48,1970,2,4
392148049,39,1979,2,1
392148055,64,1954,1,1
392128237,55,1963,2,1
392148262,54,1964,2,1
392148109,36,1982,2,1
392091149,78,1940,1,1
392148487,42,1976,2,1
392110025,80,1938,2,1
392113565,70,1948,1,1
392148334,59,1959,2,1
392148514,40,1978,2,1
392140307,69,1949,2,2
392148549,37,1981,2,1
392148441,47,1971,2,1
392140028,73,1945,2,1
392148236,51,1967,2,1
392148169,66,1952,1,2
392148653,39,1979,1,1
392103101,71,1947,2,1
392148602,39,1979,2,2
392148709,60,1958,2,2
392095682,76,1942,1,1
392151149,54,1964,2,3
392147852,42,1976,2,1
392148650,53,1965,1,2
392151104,35,1983,2,1
392151085,62,1956,1,2
392151554,48,1970,2,2
392151560,52,1966,1,2
392151606,45,1973,2,1
392144772,62,1956,1,2
392151610,43,1975,2,2
392151818,28,1990,1,1
392151954,37,1981,1,6
392151817,43,1975,2,6
392151925,40,1978,2,1
392151924,53,1965,1,1
392151958,42,1976,2,1
392111440,33,1985,2,1
392151834,45,1973,2,1
392095072,74,1944,2,2
392151596,59,1959,1,1
392102960,74,1944,2,2
392151906,45,1973,2,1
392151604,58,1960,1,2
392152106,46,1972,2,2
392152341,43,1975,2,1
392051142,70,1948,2,1
392145263,78,1940,2,1
392150831,68,1950,2,1
392136227,56,1962,1,1
392154628,42,1976,2,7
392095683,65,1953,1,1
392147133,73,1945,1,1
392114599,71,1947,2,1
392154852,50,1968,1,2
392131730,69,1949,2,1
392154848,41,1977,2,1
392149688,70,1948,2,1
392152109,39,1979,1,6
392151370,64,1954,2,2
392154809,39,1979,2,1
392152251,38,1980,1,1
392152158,63,1955,2,1
392154948,57,1961,2,3
392147136,71,1947,2,1
392154949,61,1957,2,8
392155049,38,1980,2,7
392155167,44,1974,1,1
392139946,38,1980,2,1
392144762,44,1974,1,1
392132626,47,1971,2,7
392132022,87,1931,2,1
392155194,60,1958,2,7
392138845,54,1964,2,3
392129239,71,1947,2,1
392154957,56,1962,2,1
391707932,81,1937,2,1
392122516,71,1947,2,1
392047930,40,1978,2,1
392090705,37,1981,2,1
392156829,42,1976,1,1
392157703,38,1980,2,1
392155230,57,1961,1,1
392117626,76,1942,1,1
391508725,60,1958,2,1
392113191,93,1925,1,1
392150739,47,1971,2,6
392157702,36,1982,2,1
392099024,36,1982,2,1
392112955,62,1956,2,1
392150648,70,1948,2,1
392139720,74,1944,1,1
392128108,68,1950,2,1
392150530,46,1972,2,3
392042723,44,1974,2,1
392155117,44,1974,2,1
392158058,40,1978,1,3
392157934,39,1979,1,1
392157779,38,1980,2,1
392155294,52,1966,1,7
392158059,51,1967,1,1
392045420,39,1979,2,6
392147524,55,1963,2,1
391753122,49,1969,1,1
392131882,43,1975,1,1
392149641,44,1974,2,1
392122394,66,1952,1,1
392147175,61,1957,2,1
392158234,33,1985,1,1
392154048,37,1981,2,1
392103225,72,1946,2,1
392107067,44,1974,2,1
392146184,53,1965,2,1
392157487,44,1974,2,1
392154300,38,1980,1,1
392158613,57,1961,2,3
392048135,23,1995,2,6
392129085,71,1947,2,1
392154520,50,1968,1,1
392158516,36,1982,2,1
392124539,53,1965,1,1
392150773,31,1987,2,1
392110341,71,1947,2,1
392161032,30,1988,2,4
392158571,57,1961,2,1
392151045,61,1957,2,2
392161053,54,1964,2,1
392106665,56,1962,1,1
392148977,36,1982,1,1
392156364,42,1976,2,1
392136944,70,1948,1,1
392141789,63,1955,1,1
392147332,70,1948,2,1
392076017,81,1937,1,1
392139856,61,1957,2,3
392098909,60,1958,1,1
392132623,52,1966,2,1
392095320,68,1950,2,1
392156332,44,1974,2,2
392123675,42,1976,1,1
392090544,72,1946,1,1
392129206,31,1987,2,1
392076020,43,1975,2,1
392115236,50,1968,2,1
392131457,67,1951,1,1
392054142,51,1967,2,3
392109365,36,1982,1,1
392047878,36,1982,1,1
392143775,81,1937,2,1
392143780,37,1981,2,1
392129223,37,1981,2,1
392050974,40,1978,1,1
391707922,61,1957,2,1
392131629,75,1943,1,1
392160438,66,1952,1,1
392160393,32,1986,1,4
392154215,67,1951,2,1
392161779,53,1965,1,1
392164156,22,1996,2,1
392143531,75,1943,1,1
392099399,66,1952,1,1
392160466,85,1933,2,1
392164080,27,1991,2,1
392164139,44,1974,1,1
392157309,67,1951,1,1
392132660,42,1976,1,4
392163905,40,1978,2,1
392045087,63,1955,2,1
392047428,41,1977,2,1
392146218,37,1981,2,1
392159460,48,1970,1,1
392099564,51,1967,1,1
392106882,43,1975,2,1
392157606,60,1958,2,1
392117452,45,1973,2,1
392164436,20,1998,2,1
392166687,35,1983,2,3
392161387,30,1988,2,1
392150879,36,1982,2,2
392099127,85,1933,1,1
392166730,28,1990,2,1
392062560,39,1979,2,3
392166805,59,1959,1,1
392095066,38,1980,2,4
392160485,78,1940,2,1
392150681,46,1972,2,1
392150435,51,1967,2,1
392032032,42,1976,1,1
392167073,31,1987,2,1
392167033,38,1980,1,3
392090775,64,1954,2,1
392113223,56,1962,2,1
392147505,70,1948,2,7
392127734,40,1978,1,3
392169183,29,1989,2,1
392166886,44,1974,2,1
392031844,64,1954,2,1
392122460,78,1940,2,1
392166094,44,1974,2,1
392164671,59,1959,1,1
392117121,62,1956,2,1
392169494,62,1956,2,3
392169691,44,1974,2,1
392169371,45,1973,2,1
392172152,62,1956,2,1
392166274,57,1961,2,1
392165344,42,1976,2,2
392160573,49,1969,2,1
392171486,51,1967,1,1
392114711,35,1983,1,1
392136139,37,1981,1,1
392050944,57,1961,1,1
392174562,28,1990,2,1
392160442,25,1993,2,1
392174478,25,1993,2,1
392118323,46,1972,2,3
392136829,35,1983,2,1
392099411,64,1954,2,1
392174699,53,1965,2,3
392166221,41,1977,2,1
392103232,28,1990,2,2
392131703,27,1991,2,1
392174791,36,1982,2,4
392154239,40,1978,1,1
392113304,36,1982,2,1
392112800,48,1970,2,1
392079400,29,1989,2,1
392150340,30,1988,1,1
392173990,49,1969,2,1
392091272,34,1984,2,1
392084087,50,1968,2,2
392150710,58,1960,2,1
392136541,62,1956,2,1
392179561,59,1959,2,1
392179672,52,1966,2,2
392179822,22,1996,2,1
392179789,35,1983,1,4
392179896,27,1991,2,3
392173763,45,1973,1,3
392156439,30,1988,2,1
392182021,48,1970,2,1
392040961,34,1984,1,1
392182109,32,1986,2,1
392143141,55,1963,1,1
392179053,62,1956,1,1
392175704,33,1985,2,1
392065432,24,1994,2,6
392186867,30,1988,2,1
392186821,52,1966,1,7
392110473,24,1994,1,1
392179055,37,1981,1,3
392171406,36,1982,2,1
392186827,55,1963,1,3
392148408,62,1956,2,6
392187565,49,1969,1,1
392135903,39,1979,2,1
392154199,40,1978,1,3
392163518,26,1992,2,1
392178863,41,1977,2,1
392155788,59,1959,1,1
392160578,38,1980,2,6
392190831,44,1974,1,1
392196160,19,1999,1,2
392193273,25,1993,1,4
392196364,58,1960,1,1
392147262,40,1978,1,1
392160515,30,1988,2,1
392180634,35,1983,1,3
392159567,56,1962,1,3
392195343,38,1980,1,1
392155753,62,1956,1,1
392167969,45,1973,1,3
392196865,44,1974,2,1
392198473,24,1994,2,1
392140394,35,1983,1,1
392051119,32,1986,2,1
392185903,56,1962,1,1
392156331,34,1984,1,1
392170582,61,1957,1,1
392193062,32,1986,2,1
392169054,43,1975,1,1
392197902,37,1981,1,1
392201034,42,1976,2,1
392201140,31,1987,2,1
392201213,35,1983,2,3
392150542,83,1935,2,1
392203456,33,1985,2,1
392201197,62,1956,1,2
392203851,42,1976,1,1
391729379,70,1948,2,1
392206152,38,1980,2,3
392206141,51,1967,1,2
392205221,43,1975,2,1
392206345,45,1973,2,1
392099379,78,1940,1,1
392181532,44,1974,2,4
392206472,38,1980,2,1
392176445,59,1959,1,3
392105668,63,1955,1,3
392209345,32,1986,2,1
392209407,55,1963,1,1
392138879,54,1964,1,1
392194545,25,1993,1,1
392207974,25,1993,2,4
392211709,29,1989,2,1
392167920,55,1963,2,5
391536652,30,1988,1,1
392157633,29,1989,2,1
392212209,33,1985,1,1
392139744,74,1944,1,1
392212040,33,1985,1,1
392150767,40,1978,1,4
392212315,29,1989,2,1
392214517,27,1991,2,2
392210699,37,1981,1,1
392214594,45,1973,1,1
392153283,56,1962,1,1
392103003,29,1989,2,1
392214592,26,1992,1,1
392163231,28,1990,1,2
392214498,26,1992,1,2
392138747,61,1957,2,7
392215056,34,1984,1,1
392214991,43,1975,2,1
392214682,22,1996,2,1
392205028,41,1977,1,1
392190677,30,1988,1,1
392217294,43,1975,2,1
392210654,22,1996,2,1
392217615,35,1983,2,3
392216238,29,1989,2,1
392195501,49,1969,1,1
392127438,42,1976,1,1
392216378,27,1991,2,4
392217791,33,1985,2,1
392138881,62,1956,1,1
392217720,27,1991,2,1
392216346,40,1978,2,1
392207414,23,1995,2,1
392220323,25,1993,2,1
392150533,48,1970,1,1
392220635,36,1982,2,2
392098733,50,1968,1,2
392103507,58,1960,2,2
392223121,43,1975,2,1
392223023,35,1983,1,1
392157166,56,1962,2,3
392221577,48,1970,1,1
392213570,33,1985,2,1
392221583,56,1962,2,2
392211930,30,1988,2,1
392216271,40,1978,1,2
392162411,39,1979,2,2
392223455,62,1956,1,2
392223434,28,1990,2,1
392225706,29,1989,2,4
392157302,40,1978,2,1
392225840,39,1979,2,1
392225963,35,1983,2,1
392214424,60,1958,1,1
392224364,39,1979,1,1
392183051,57,1961,1,2
391083378,70,1948,2,1
392051146,37,1981,2,2
392224705,47,1971,2,3
392117422,78,1940,2,1
392139633,52,1966,1,1
391741377,52,1966,1,1
392085042,63,1955,1,2
392224401,58,1960,1,1
392231174,29,1989,2,4
392228826,41,1977,1,1
392164310,23,1995,2,3
392215315,63,1955,1,1
392225981,42,1976,1,1
392231355,28,1990,2,1
392227627,50,1968,1,1
392171361,40,1978,2,1
392182439,63,1955,1,1
392230267,56,1962,1,1
392213552,59,1959,1,2
392176849,40,1978,1,1
392222100,58,1960,1,1
392179081,49,1969,1,1
392233311,28,1990,2,1
392226242,28,1990,2,6
392197939,38,1980,1,1
392095526,39,1979,2,4
392234321,55,1963,1,1
392234340,43,1975,1,7
392202021,60,1958,2,2
392236650,63,1955,1,2
392207429,62,1956,1,1
392197410,33,1985,1,1
392234444,28,1990,2,1
392184755,63,1955,1,1
392210142,38,1980,1,1
392235376,55,1963,2,2
392212566,54,1964,1,1
392236971,34,1984,2,2
392206911,47,1971,1,1
392232845,65,1953,1,1
392164680,62,1956,1,1
392124448,53,1965,1,1
392094658,37,1981,2,1
392151286,57,1961,2,2
392207881,57,1961,1,1
392199886,49,1969,1,2
392147254,54,1964,2,3
392201988,32,1986,2,2
392235340,25,1993,2,1
392232631,61,1957,1,1
392153346,56,1962,1,1
392079464,60,1958,1,1
392222016,61,1957,1,1
392181156,54,1964,1,3
392160774,43,1975,1,1
392241295,37,1981,1,1
392194026,53,1965,1,1
392242672,40,1978,2,3
392238498,41,1977,1,1
392139674,87,1931,2,1
392245786,35,1983,2,2
392244339,34,1984,1,1
392186038,46,1972,1,1
392245988,37,1981,2,2
392241098,41,1977,2,3
392227083,40,1978,1,1
392246835,38,1980,1,3
392203248,38,1980,2,1
392241290,35,1983,1,1
392189398,33,1985,1,1
392249073,31,1987,2,5
392129860,45,1973,1,1
392247161,24,1994,2,8
392209744,39,1979,1,1
392124514,27,1991,2,6
392192231,43,1975,1,1
392251626,36,1982,1,1
392249087,40,1978,2,3
392205116,33,1985,1,1
392224850,36,1982,1,6
392190601,59,1959,2,2
392208860,36,1982,1,1
392255812,31,1987,2,3
392244317,25,1993,2,1
392094766,42,1976,1,1
392258322,26,1992,2,1
392246898,36,1982,2,2
392112412,49,1969,1,1
392258462,42,1976,2,3
392172114,39,1979,1,1
392221523,41,1977,2,2
392204591,32,1986,2,3
391753444,66,1952,2,1
392238404,40,1978,1,1
392241134,38,1980,2,3
392224713,37,1981,2,3
392228134,24,1994,2,1
392239927,52,1966,2,2
392240555,35,1983,1,1
392260251,23,1995,2,1
392250272,43,1975,1,2
392266159,24,1994,2,1
392133426,25,1993,2,1
392270919,30,1988,2,1
392262778,26,1992,2,3
392181419,20,1998,1,1
392266315,24,1994,2,7
392259716,30,1988,1,1
392177700,41,1977,1,1
392203264,60,1958,1,1
392227111,28,1990,2,2
392273839,23,1995,2,1
392145168,65,1953,2,1
392275246,28,1990,1,1
392221545,32,1986,2,3
392275260,29,1989,2,4
392276734,29,1989,2,3
392157196,28,1990,2,6
392128252,26,1992,2,6
392282197,26,1992,1,1
392238499,29,1989,2,1
392279787,29,1989,2,1
392186109,28,1990,2,6
392238431,23,1995,2,1
392117142,47,1971,1,1
392282163,38,1980,2,3
392282048,24,1994,2,1
392282181,30,1988,1,2
392285010,22,1996,1,4
392138709,38,1980,1,2
392111389,60,1958,2,3
392283401,27,1991,2,2
392250128,31,1987,2,2
392280652,29,1989,2,1
392159534,23,1995,1,1
392247137,29,1989,2,1
392288153,44,1974,1,2
392160420,23,1995,2,1
392290731,40,1978,2,2
392260543,41,1977,2,3
392286441,34,1984,1,1
392171419,30,1988,2,1
392263145,41,1977,1,1
392266171,28,1990,1,1
392293729,20,1998,2,1
392293613,21,1997,1,1
392296042,27,1991,2,1
392266213,43,1975,2,2
392298790,45,1973,1,1
392263400,22,1996,2,2
392297242,25,1993,2,1
392254940,24,1994,2,1
392119190,40,1978,2,2
392197809,33,1985,1,1
392324047,24,1994,1,5
392324150,41,1977,1,1
392332666,19,1999,1,1
392116877,57,1961,1,1
392338800,31,1987,2,2
392230308,54,1964,1,1
392347354,36,1982,2,2
392349641,36,1982,1,1
392350050,28,1990,2,1
392232890,26,1992,1,6
392352805,19,1999,2,1
392355589,26,1992,2,1
392145543,41,1977,1,1
392358094,26,1992,1,1
392312476,28,1990,2,1
392361111,24,1994,2,2
392361523,28,1990,1,5
392106672,27,1991,1,1
392309814,26,1992,2,3
392359976,26,1992,2,1
392345310,29,1989,2,1
392319969,36,1982,2,2
392331013,30,1988,2,1
392364647,43,1975,1,1
392103144,24,1994,2,3
392363174,36,1982,2,2
392364861,27,1991,2,3
392302649,25,1993,2,1
392291841,19,1999,2,3
392292085,26,1992,2,1
392348253,19,1999,2,4
392370254,19,1999,2,1
392335402,21,1997,2,1
392362895,29,1989,2,3
392370651,21,1997,2,1
392370673,25,1993,2,1
392363087,28,1990,2,1
392373696,29,1989,1,1
392373420,30,1988,2,1
392373926,29,1989,2,1
392364992,27,1991,2,1
392222014,28,1990,2,3
392376398,27,1991,2,1
392305201,29,1989,2,1
392280670,30,1988,2,1
392362932,20,1998,2,1
392105774,56,1962,1,1
392380089,26,1992,1,3
392380283,42,1976,2,2
392372146,36,1982,1,1
392348191,42,1976,1,1
392381663,44,1974,1,3
392339593,21,1997,2,1
392330789,32,1986,1,4
392362171,45,1973,1,1
392383112,28,1990,2,1
392363090,37,1981,2,3
392342540,22,1996,1,1
392365986,26,1992,2,1
392130378,26,1992,2,1
392181430,29,1989,1,1
392390909,22,1996,2,2
392383648,21,1997,2,3
392117700,62,1956,1,1
392359052,36,1982,1,1
392272066,35,1983,1,1
392110440,41,1977,1,6
392269318,29,1989,2,1
392339804,29,1989,2,1
392390108,32,1986,2,3
392381529,34,1984,1,1
392079461,58,1960,1,1
392325012,35,1983,2,3
392356497,25,1993,2,2
392339771,32,1986,2,3
392392767,39,1979,1,2
392348294,34,1984,2,3
392402833,39,1979,1,1
392402839,28,1990,1,1
392368910,26,1992,2,1
392278018,28,1990,2,2
392402702,41,1977,1,1
392131946,51,1967,1,1
392392870,38,1980,2,3
392381675,22,1996,1,1
392397784,25,1993,2,3
392330831,27,1991,2,2
392392835,43,1975,1,1
392408835,45,1973,2,3
392135191,56,1962,2,1
392395388,31,1987,2,3
392187663,43,1975,1,1
392305256,33,1985,1,2
392253080,38,1980,2,3
392412926,41,1977,2,3
392236196,19,1999,1,4
392197559,30,1988,2,1
392417617,28,1990,2,2
392149634,60,1958,1,3
392449187,32,1986,1,6
392050837,75,1943,2,1
392103237,45,1973,1,3
392095033,90,1928,2,1
392162379,64,1954,2,2
392181444,36,1982,2,1
392364481,40,1978,2,3
392524695,34,1984,2,3
392268405,45,1973,1,1
392512013,24,1994,2,2
392244085,33,1985,1,1
392199946,31,1987,2,1
392518284,21,1997,1,7
392373463,29,1989,2,2
392039699,52,1966,2,1
392497957,32,1986,2,3
392127787,55,1963,1,1
392122572,57,1961,2,1
392121897,79,1939,1,7
392091273,81,1937,2,1
392246901,33,1985,2,2
392037382,73,1945,1,1
391607364,33,1985,2,1
392129272,61,1957,1,2
392171648,28,1990,2,1
392366213,24,1994,2,1
392251975,38,1980,1,3
392031823,28,1990,2,1
392402860,26,1992,2,2
393653470,40,1978,1,5
393706712,30,1988,1,4
393785665,31,1987,1,8
393795696,45,1973,1,2
393814708,39,1979,1,3
393837195,35,1983,1,2
393888886,38,1980,1,3
394133408,34,1984,1,7
394265204,43,1975,2,1
394256102,34,1984,2,3
394223572,36,1982,1,3
394267582,38,1980,1,1
393668009,47,1971,2,1
394154029,53,1965,2,1
394266480,45,1973,1,1
394263004,27,1991,2,4
393731173,36,1982,2,1
393899614,29,1989,2,1
394189713,20,1998,2,4
394142955,34,1984,2,1
393750116,33,1985,2,1
394271274,25,1993,2,1
394240979,29,1989,2,1
394268608,29,1989,2,1
394259573,42,1976,1,1
394277947,19,1999,1,1
394280740,28,1990,1,1
394280704,32,1986,1,1
394154127,29,1989,2,1
394271457,29,1989,2,2
394275379,27,1991,2,1
394008402,23,1995,2,1
394287452,29,1989,1,1
394287976,39,1979,1,1
394294193,23,1995,1,1
394268358,20,1998,1,8
394294820,35,1983,1,1
394262593,39,1979,1,1
394301994,25,1993,1,1
394310310,43,1975,1,1
394313518,33,1985,2,3
394311334,19,1999,1,1
393737208,27,1991,1,1
394249014,31,1987,1,1
394262567,23,1995,2,2
394325952,44,1974,2,3
394330238,35,1983,2,3
394328129,40,1978,2,3
394215113,19,1999,2,2
394340725,42,1976,1,6
394433751,19,1999,1,2
394440230,32,1986,1,2
394440491,33,1985,1,2
394561795,42,1976,1,3
394577499,42,1976,1,2
394602871,33,1985,1,2
394632758,44,1974,1,2
394607293,22,1996,1,2
394641317,43,1975,1,3
394655956,22,1996,1,2
394686228,33,1985,1,3
392143156,33,1985,2,3
394740379,23,1995,1,3
394871749,39,1979,2,1
394871782,54,1964,2,1
394871708,38,1980,1,1
394871569,42,1976,2,4
394871513,44,1974,2,3
394871537,49,1969,1,1
394871947,48,1970,2,1
394871804,41,1977,1,5
394871997,55,1963,2,1
394872650,36,1982,2,1
394871872,25,1993,1,1
394874224,54,1964,2,1
394814156,29,1989,1,1
394874610,28,1990,2,1
394781556,47,1971,2,1
394874444,37,1981,1,1
394872039,85,1933,1,1
394874613,19,1999,1,1
394874915,42,1976,1,1
394871759,50,1968,2,1
394874381,76,1942,1,3
394866931,31,1987,2,2
394874245,33,1985,2,1
394871616,34,1984,2,3
394874730,46,1972,2,3
394874445,40,1978,2,4
394874512,30,1988,2,3
394874991,38,1980,1,3
394874908,29,1989,2,1
394874354,84,1934,2,1
394874773,72,1946,2,1
394875373,34,1984,1,1
394874794,76,1942,1,1
394874812,29,1989,2,1
394875385,50,1968,1,2
394875322,64,1954,2,2
394875115,59,1959,1,2
394807922,57,1961,1,1
394872211,43,1975,1,1
394871682,35,1983,1,6
394875603,63,1955,2,5
394874945,88,1930,1,1
394877893,25,1993,2,2
394872254,51,1967,1,1
394878038,25,1993,1,1
394877819,20,1998,2,3
394875818,58,1960,2,2
394877905,58,1960,1,1
394875353,36,1982,2,4
393293774,44,1974,2,2
394874434,28,1990,2,3
394878208,34,1984,2,6
394878076,53,1965,1,2
394878466,27,1991,1,1
394878261,36,1982,1,2
394857880,56,1962,2,3
394871965,50,1968,2,1
394874362,44,1974,1,2
394885747,42,1976,1,1
394866882,31,1987,1,1
394888248,30,1988,1,1
394808184,41,1977,2,3
394797322,34,1984,1,1
394895594,19,1999,2,3
394807839,25,1993,1,1
394769402,35,1983,1,1
394893475,30,1988,1,1
394777209,24,1994,2,3
394055607,27,1991,2,3
394661753,33,1985,1,3
394676665,40,1978,1,1
394911601,27,1991,1,3
394727820,30,1988,1,2
394930329,44,1974,1,3
394915018,31,1987,1,3
394928786,20,1998,1,2
394756957,27,1991,1,2
394964274,22,1996,1,3
394893236,31,1987,1,3
394899562,37,1981,1,3
394383113,29,1989,1,2
394926373,25,1993,1,3
395005153,30,1988,2,1
395027720,33,1985,2,1
395013016,20,1998,2,1
395027721,35,1983,2,3
394893780,44,1974,1,2
394848875,31,1987,1,1
395005593,50,1968,1,1
395022132,52,1966,1,1
395027824,31,1987,1,1
394958325,40,1978,2,1
394939983,46,1972,1,1
395002286,22,1996,2,1
395003242,59,1959,1,1
395013139,44,1974,2,6
395002128,67,1951,1,1
394948287,37,1981,2,3
395010097,55,1963,1,2
394923354,84,1934,1,1
394993138,25,1993,1,1
395006036,53,1965,1,2
394935232,73,1945,1,1
394931371,57,1961,2,1
394997181,73,1945,2,1
395023529,92,1926,1,1
395001443,34,1984,1,4
395019112,30,1988,1,3
394689045,48,1970,1,1
395020978,36,1982,2,4
