tau,t1,t2,temp,avg_pMSE,sd_pMSE,se_pMSE,min_pMSE,max_pMSE,num_act1,num_act2
0.1,0.04,0.06,0.8,0.0169829147151925,0.000191237658079767,2.70450889692875e-05,0.0165721936087797,0.0173281147497572,9,1
0.1,0.04,0.04,0.9,0.0173047105532523,0.000260715117364309,3.68706854892299e-05,0.0169048098352639,0.0180012495796222,8,1
0.1,0.04,0.02,0.9,0.0176614415837237,0.000253693321240321,3.58776535581536e-05,0.0172059458235396,0.0183096699342244,8,1
0.2,0.04,0.06,0.9,0.0177649819827133,0.000217537491583674,3.07644470922255e-05,0.0172749050413678,0.0182152186798617,14,1
0.1,0.04,0.04,0.8,0.0178223665989535,0.000209616875171911,2.96443027770384e-05,0.0171899393617148,0.0182090189883299,8,1
0.1,0.02,0.04,0.8,0.0178349178287291,0.000284654950689366,4.02562891861546e-05,0.0172644827469257,0.0184892505869841,12,1
0.2,0.02,0.02,0.9,0.0183398553031121,0.000277424159548691,3.92337008963716e-05,0.0177015587042277,0.0190118522689609,12,1
0.1,0.02,0.06,0.8,0.0184710039812879,0.000223173731959872,3.15615318503068e-05,0.0179479273328402,0.0189321005011299,12,1
0.1,0.02,0.06,0.7,0.0185411968245535,0.000226813644445114,3.2076293210555e-05,0.0181299466493778,0.0190207017602301,10,0
0.2,0.02,0.06,0.9,0.0188857272143817,0.00027899382442717,3.94556850323241e-05,0.018274025299223,0.0195068775769764,11,1
0.1,0.04,0.06,0.7,0.0189006841480492,0.000235939421948407,3.33668730417905e-05,0.0183538145958692,0.0193643141482963,7,0
0.1,0.04,0.02,0.8,0.0189137658010022,0.000192686255697135,2.72499516089778e-05,0.018565587512931,0.0192697359564594,8,3
0.1,0.02,0.02,0.8,0.0189800993177633,0.000207977459093779,2.94124543318318e-05,0.0184063636350886,0.019339348614687,13,1
0.1,0.04,0.02,0.7,0.0189969092303801,0.000267348549190316,3.78087944145716e-05,0.0183412770076324,0.0196117725022337,9,0
0.1,0.02,0.02,0.7,0.0190106672795976,0.000245994577080061,3.47888867176856e-05,0.0184452066417202,0.0195393020174621,10,0
0.1,0.04,0.04,0.7,0.0190282397364192,0.000223101142477862,3.15512661473124e-05,0.0184443016752241,0.0194901506485349,9,0
0.1,0.02,0.02,0.9,0.0191362777872821,0.000251900939637825,3.56241725210338e-05,0.0185813583764344,0.0196908835166014,11,1
0.1,0.02,0.04,0.7,0.0191649963836001,0.000305531721394366,4.3208710413111e-05,0.0184343364829314,0.0197986901942573,10,0
0.1,0.06,0.02,0.7,0.0192206961100575,0.000246009165835564,3.47909498792747e-05,0.0187086632242908,0.0197408643439829,8,0
0.2,0.02,0.04,0.7,0.0192703836122242,0.000289569539387442,4.09513169851851e-05,0.0187784746620586,0.0201167769756491,10,1
0.2,0.02,0.02,0.7,0.0193113829774256,0.00026537342448055,3.75294695993786e-05,0.0185804070650265,0.0198747599710856,10,1
0.1,0.06,0.04,0.7,0.0193114879101019,0.000261772882644844,3.70202760897839e-05,0.018820116658191,0.0199470488298368,7,0
0.1,0.02,0.06,0.9,0.0193173490010548,0.000277982782361982,3.93127020922524e-05,0.0188231090421125,0.0202559302063897,11,1
0.1,0.04,0.06,0.9,0.0195941032600717,0.00027948002597256,3.9524444314278e-05,0.0189256427719727,0.0201078988898459,9,1
0.2,0.02,0.04,0.8,0.0196981761137366,0.000312217039573674,4.41541571769067e-05,0.0189551724937598,0.0203384963527031,10,1
0.2,0.02,0.06,0.7,0.0197721190742001,0.000266503393500728,3.76892713507183e-05,0.0192423943192918,0.0203448789829911,10,1
0.1,0.02,0.04,0.9,0.0198318809929412,0.0002609814269109,3.69083473464878e-05,0.0193547760762677,0.0204097683014379,11,1
0.2,0.02,0.02,0.8,0.0198672502777623,0.00031326053185571,4.43017292706554e-05,0.0191642705627425,0.0205851690684714,10,1
0.1,0.06,0.06,0.7,0.0199788597748949,0.000260834392462085,3.68875535353227e-05,0.0194785354720173,0.0206696366727255,7,0
0.2,0.02,0.06,0.8,0.0201423571013992,0.000263504042281079,3.72650990334036e-05,0.0196316193305656,0.0209314749489614,10,1
0.2,0.04,0.02,0.9,0.0205383968318078,0.000215816203440756,3.05210201885788e-05,0.0201000764608953,0.021110490136993,10,1
0.2,0.02,0.04,0.9,0.0205502197345155,0.000283138885214923,4.00418851506143e-05,0.0200709935552997,0.0212604313280469,10,1
0.2,0.04,0.04,0.9,0.0206008299222735,0.000271677570931228,3.84210105403521e-05,0.0199947301605647,0.0212048118591242,10,1
0.2,0.04,0.02,0.7,0.0206406014065752,0.000300555961400192,4.25050316864236e-05,0.0199309471202226,0.0213061574718528,9,1
0.2,0.04,0.02,0.8,0.0207216152999657,0.000239029145660425,3.38038259595427e-05,0.0202209297857787,0.0211788999457084,9,1
0.2,0.04,0.06,0.8,0.0216018529337972,0.000266128779100514,3.7636292874174e-05,0.0210203897463807,0.0222660885000416,8,1
0.1,0.06,0.02,0.8,0.0216476734022822,0.000244093220067909,3.45199942303357e-05,0.0211601312659707,0.0221956671863716,7,0
0.2,0.04,0.06,0.7,0.022079628074649,0.000290128767248689,4.10304037477683e-05,0.0212623342486725,0.0226435261097774,8,0
0.1,0.06,0.06,0.8,0.0222136297666711,0.000262061624752133,3.70611103901995e-05,0.0217248973045791,0.0229418951303743,7,0
0.1,0.06,0.04,0.8,0.0224491226393295,0.000288774824924837,4.0838927388062e-05,0.0218169665594209,0.0233107602150833,6,0
0.2,0.04,0.04,0.7,0.0230982439231581,0.000238316646128054,3.37030633093563e-05,0.0227103992218121,0.0237109697145519,8,0
0.2,0.04,0.04,0.8,0.0239724934581817,0.000256569710165248,3.62844363809827e-05,0.0233640488337885,0.0246379434032086,8,0
0.2,0.06,0.06,0.7,0.0239834102006481,0.000287494053426191,4.06577989456935e-05,0.0233828595366008,0.024534457887097,7,0
0.1,0.06,0.04,0.9,0.0246120169755336,0.000234403389515346,3.31496452518825e-05,0.0241034188430536,0.0250373408452048,6,0
0.1,0.06,0.06,0.9,0.024780256578374,0.000243077903513617,3.43764067862176e-05,0.024251761216521,0.0252525122651262,6,0
0.1,0.06,0.02,0.9,0.0253012479552921,0.000345029858764922,4.87945905689026e-05,0.0246956160795014,0.0261310584941704,6,0
0.2,0.06,0.04,0.7,0.0254815593491486,0.000285651693516673,4.03972499086122e-05,0.0247967747362653,0.0262083909287449,7,0
0.4,0.02,0.06,0.7,0.0262442146957306,0.000300298603341384,4.24686357607084e-05,0.0256486592780929,0.0268614269306217,9,1
0.4,0.02,0.02,0.7,0.0270041567655851,0.000359654037653514,5.08627617811843e-05,0.0261807721610194,0.0278451477723369,10,1
0.2,0.06,0.02,0.7,0.0273742985005935,0.000295514948614217,4.17921248214214e-05,0.0264165163399361,0.0278128937252735,5,0
0.4,0.02,0.04,0.7,0.0277214536904737,0.000304076145133905,4.30028608442498e-05,0.0272073889984277,0.0288458544761444,9,1
0.2,0.06,0.04,0.8,0.0280532700943883,0.000280888289746228,3.972360288709e-05,0.0273319345230166,0.028747449761687,5,0
0.2,0.06,0.06,0.8,0.0287995099937847,0.000276297228559616,3.90743287875107e-05,0.0283828624647067,0.0296555701941472,4,0
0.4,0.02,0.02,0.8,0.0300572687425957,0.000354841598755213,5.01821801453775e-05,0.0288098755752635,0.0305321016084781,10,1
0.2,0.06,0.02,0.8,0.0308805060067046,0.00024940893511272,3.5271749861344e-05,0.0300977426376785,0.0314324569457433,6,0
0.4,0.02,0.06,0.8,0.0316919380005058,0.000294847610823877,4.16977490060431e-05,0.0309859366271618,0.0322360440336849,9,1
0.4,0.02,0.04,0.8,0.0317101125591275,0.000290286508226874,4.10527116908375e-05,0.0311132154259872,0.0324828217851335,10,1
0.4,0.02,0.06,0.9,0.0329280565557744,0.000304268897745496,4.30301201799993e-05,0.0321676315318403,0.0334683290788872,9,1
0.4,0.02,0.04,0.9,0.0333062430387429,0.00030396235915077,4.29867690761941e-05,0.0325491126437967,0.0338315223239701,9,1
0.4,0.02,0.02,0.9,0.0334745054337479,0.000287701062462885,4.06870744444162e-05,0.0329430182087089,0.0341599959876582,9,1
0.2,0.06,0.02,0.9,0.0338202563236744,0.000284638742527319,4.02539970058957e-05,0.0333379849041919,0.0345079588479192,4,0
0.2,0.06,0.06,0.9,0.0351392687520341,0.000310858582099147,4.39620422784684e-05,0.034608488668616,0.0359702364235192,4,0
0.4,0.04,0.04,0.7,0.0353738535981828,0.000320163793909981,4.52779979528319e-05,0.0347335467892405,0.0362135165570327,5,0
0.4,0.06,0.04,0.7,0.0359825633522964,0.000314157566972572,4.44285891934745e-05,0.0353789410690119,0.0369291268973493,3,0
0.4,0.06,0.02,0.7,0.0364820690636238,0.000292997207977548,4.14360625259299e-05,0.0359336841587187,0.0370953477397591,3,0
0.4,0.04,0.02,0.7,0.0365821024796809,0.000263372223424417,3.72464570319167e-05,0.0360550348166598,0.037111392835664,5,0
0.2,0.06,0.04,0.9,0.0366998334974227,0.000259844533246248,3.67475663025351e-05,0.0360882080697358,0.0372611576903583,4,0
0.4,0.04,0.06,0.7,0.0368982931404139,0.000267403821639608,3.7816611119313e-05,0.03606301758433,0.0375020682985078,4,0
0.4,0.04,0.02,0.8,0.0386826293761411,0.000259972240989391,3.67656269047723e-05,0.0381077450610984,0.0391832474651887,6,0
0.4,0.04,0.06,0.8,0.0387721950956891,0.000301888970498621,4.26935476410001e-05,0.038120072859683,0.0394131763231226,5,0
0.4,0.04,0.04,0.8,0.0389800616426483,0.00028934618132823,4.09197293855247e-05,0.0381803582516796,0.0395859344719417,5,0
0.4,0.06,0.06,0.8,0.0393553385229759,0.000261017777084779,3.69134880373772e-05,0.0388795723387283,0.0398253235412785,4,0
0.4,0.04,0.02,0.9,0.0394718331955761,0.000279199920053431,3.94848313553045e-05,0.0386664456911579,0.0402621413187842,5,0
0.4,0.06,0.02,0.8,0.0394903728709925,0.000247455515461027,3.4995494604901e-05,0.0387035061367399,0.0399242420281002,3,0
0.4,0.06,0.04,0.8,0.0397030350567593,0.000253951314998748,3.59141393853712e-05,0.039179800649571,0.0404003341674155,5,0
0.4,0.06,0.02,0.9,0.0397486363539414,0.00026638487959005,3.76725109527372e-05,0.0393086998458223,0.0402628132162153,3,0
0.4,0.06,0.04,0.9,0.0399666245019019,0.000240817446283138,3.40567298589668e-05,0.0394775012012085,0.0404086422456372,4,0
0.4,0.06,0.06,0.9,0.0402612780319864,0.000279482730910299,3.95248268502415e-05,0.0395809576351645,0.0407543455973198,4,0
0.4,0.06,0.06,0.7,0.0406282039060569,0.000266241263660582,3.76522005932146e-05,0.0401578513191696,0.0411317461624099,2,0
0.4,0.04,0.06,0.9,0.0415825675670865,0.000315016847989774,4.45501098803161e-05,0.0407883721340139,0.0422811770017953,3,0
0.4,0.04,0.04,0.9,0.042201874143028,0.000289892887775778,4.09970453528007e-05,0.0416092258430014,0.0430636202804765,2,0
